pc1,pc2,pc3,pc4,binary_label,source_class
10.414900011497378,1.0562555442361707,3.1451585831915767,-0.7449918945848045,0,benign
6.651578717134113,-0.3221430387263849,2.99739184374086,-0.8525200477128482,0,benign
-0.9254374444260094,0.11303112637202925,2.2981199758316135,-2.547209627041811,0,benign
4.2353350385318125,1.1656516977989466,-2.5072593951873605,2.004780652174915,0,benign
3.121279780377752,-0.4290213621187071,-3.2827186040710457,2.3902268157532496,0,benign
4.321288228213596,3.0011961048990026,-3.2542813935016355,0.9452267631465762,0,benign
-1.426440567742756,0.6012689789453864,-2.839181541668267,0.33464006524897816,0,benign
3.787715874049119,-1.9732593444883741,-3.029007231137572,3.1580162392740294,0,benign
5.636569167326365,0.6454015436998488,2.0752684813346716,-1.4916566148079202,0,benign
3.926074030395881,0.7216086736593249,2.3031288974793935,-1.8871397049651688,0,benign
3.0722902221625623,0.4639998150118721,2.0937044861214757,-2.3934522985598883,0,benign
1.5552731576897678,-0.38954537899767616,-2.022248087314744,1.7082150613336196,0,benign
-0.7770179770235797,2.578150144821108,-2.6843237220764236,1.1795063170881985,0,benign
1.488230759563536,2.3266733810698765,-3.011354022460788,0.9701595727556585,0,benign
0.7204008847544708,2.5756705171318717,-2.843421603383128,0.8237146407969896,0,benign
1.2223915093597444,2.2435613135409587,1.6087558386124434,-2.6547922704086098,0,benign
2.2283452581615486,1.679196869237405,-2.681200182387568,1.4274537216649947,0,benign
0.8916202142320503,1.5094810239978493,-2.0499889295224945,1.922923521391501,0,benign
0.46035924844450254,2.017832522308377,1.1021216022915972,-3.678609173407935,0,benign
3.7246747783236285,0.3923638580328266,2.4193851976271454,-1.6452722962673199,0,benign
0.8592834039417574,2.542134217930323,2.0565626673753488,-2.164849519875874,0,benign
5.513939850013439,0.03660206781052109,2.417705754693223,-1.1474216942133368,0,benign
1.1294161176443591,3.207350013673029,-3.2862359764454907,0.42399450425095275,0,benign
0.2172534287185746,2.888888408092372,-3.0491545609624073,0.5632363063016885,0,benign
3.7669460799648116,-0.5951258555409361,-3.672269390299583,2.3104681746318274,0,benign
1.3093107519544558,3.746537316081758,-3.673062325330875,0.21029133417972323,0,benign
5.0196081416107425,1.0555322904431559,-2.2751201242399275,2.041334695868881,0,benign
2.727702479446176,1.6353849181283897,-2.7748118095783423,1.5449233554788615,0,benign
7.665678600662223,-2.803279530451008,-4.198934918547281,3.5055728452672046,0,benign
-0.6202245368311866,2.2017752424392634,-1.7390952518582845,1.946459508128322,0,benign
0.7549166013149887,3.826214234935693,-3.3951211667544636,0.49982746667957245,0,benign
2.434584108330564,2.5435982916146407,-2.9261183809284788,1.135151257026958,0,benign
-0.48034253812466615,1.8844339091185136,-2.642032600761374,0.7856062858622757,0,benign
0.19956122693196907,3.3154138835441005,-2.813149139689176,1.0363219438122473,0,benign
10.011832381666036,-0.050471631183507774,2.8499732253585237,-0.6747809475463815,0,benign
1.0272408356989366,3.4873229105743695,-3.3685448642318074,0.20701853812259619,0,benign
-1.4163288949854098,0.7378609702781966,-2.1521338090655173,1.1691811732188326,0,benign
0.6745615191824392,3.5115660882488,-3.352504738721997,0.17464922993581944,0,benign
4.705029750599364,3.3413247655434546,0.9718087418434832,-2.866112843561077,0,benign
0.06316737627157956,2.0323790034997673,1.9395443705045268,-2.4815053143057457,0,benign
7.255825380118298,1.4037211000170153,1.7238319302148364,-2.062319401523999,0,benign
6.744266548260675,-0.8362973365725346,3.019634189093674,-0.8911545533961563,0,benign
3.0548135747853924,3.6137944966853808,-3.6294603593768646,0.5215028463405662,0,benign
-0.7746235980821926,0.5101860659456575,2.6981705950547905,-1.9031717276344444,0,benign
2.5028713165462038,1.2303217787991207,-2.552024163203199,1.604858960079928,0,benign
4.984576741647896,2.6862864905768498,1.26300886949979,-2.6235364219412847,0,benign
7.183612682898487,-0.13275925308387354,-4.476784648483057,2.400767704791807,0,benign
3.3532868470915447,1.3995245367865545,-2.8051651580888475,1.6476029060755941,0,benign
6.5033337996548735,-2.023858486321781,-2.4986523353393757,3.5373930169147063,0,benign
5.84278356748386,-1.2692504261165085,-3.5712215164204935,2.9119458226674735,0,benign
5.414166781698223,-0.607453593569674,-2.394704841887992,2.8093529655208562,0,benign
2.756148945753835,1.6644744816667647,-3.0050602475755084,1.4496330410269924,0,benign
-0.31086466552244046,1.7765440823801137,-2.3493012940182276,1.2466048291193679,0,benign
-1.1818112444377709,-0.12452237799485785,1.9601130151075703,-2.763762737210112,0,benign
7.937919528182903,-3.512343926901188,2.327988554260637,0.13799881807516678,0,benign
1.0707959844597443,2.3575440344714966,1.7036762470786513,-2.808215020150709,0,benign
3.861915242356467,0.7450823826828754,2.1241639436205215,-1.7913790597411388,0,benign
0.4032057094140271,1.8185502694025537,1.1918205021781643,-3.653780869210755,0,benign
6.595495903579875,-1.7413356599181118,-2.1902154829522926,3.478902393397881,0,benign
-0.813059253446395,1.133340784032466,-3.210546233455409,0.024728956070271937,0,benign
-0.6161814040937452,1.4145957047113136,-2.9335926373392276,0.361147337822429,0,benign
12.930154109939172,-3.8516259013162073,-0.7508710503447068,5.72288613468231,0,benign
0.5940164307707549,3.245070953092634,-3.2546195096066954,0.34280134772654924,0,benign
4.845861237745103,2.4318581256566967,1.526263019476893,-2.5384572582299936,0,benign
-0.447661685067856,3.1064303922830336,-1.9942465794938327,1.8447636927419155,0,benign
0.9192188415135817,3.0132614803817606,-3.10301731625901,0.5120975247375481,0,benign
1.8033345271046752,1.051309835319494,2.229765055468382,-2.006855798119786,0,benign
5.229388912788321,1.1469312969578926,1.9230385982867526,-1.7456791510946252,0,benign
0.0028697231887321465,3.315480515841506,-3.3637163051106014,0.6257754665109656,0,benign
4.118460881682063,0.8390946035413269,2.2760607961190287,-1.7219985057560536,0,benign
0.37364638141040707,2.74904522014465,-2.9874351611584227,0.5412583577129301,0,benign
3.141179497581649,0.890606339385317,-2.610502852925857,1.8686527229674932,0,benign
2.2277528327868157,1.3507354346607687,-2.444505893990962,1.5887613422234896,0,benign
2.3537885397667724,2.236697065376934,1.9846476701747582,-2.1993976042922054,0,benign
6.108307520348258,0.06975046337470997,2.3630946829848862,-1.3214937036094294,0,benign
-1.2442793119126772,1.109256900216345,-2.6889171050462464,0.5236371013800489,0,benign
6.80432753311882,0.1396245768749488,2.0350583512808935,-1.3451973727027142,0,benign
1.0185822404828526,1.4274024288981373,2.1040377038438627,-2.3305758910255894,0,benign
0.40193611309230853,1.307128462372985,1.548337768346695,-3.211265338395851,0,benign
3.964994816477026,0.4058139847235706,2.704341612343396,-1.2322039761660224,0,benign
7.542817005340931,0.33439749110590433,1.5564681283119013,-1.6539473234530429,0,benign
3.401903526150624,5.1702280567808385,-4.949568832415059,-0.3777019396261832,0,benign
2.7479672212984836,0.5211336578714015,-2.3989624302425288,1.9065211822142174,0,benign
3.3866822273808825,1.7226589591074528,-3.332848567028959,1.4031502947545267,0,benign
5.8692253542086945,0.3404975000472537,2.546419237809686,-1.4036205849049506,0,benign
3.0940455229931074,3.774325988779466,0.7824882487522702,-3.41708878272867,0,benign
-0.14106882313990912,2.399441734254288,-2.7425364269189276,0.7585713475469629,0,benign
-1.0744481920237712,0.16887337624707388,1.7873355477489774,-2.9799005645352596,0,benign
7.400009671910218,1.6130985377109603,1.110976049440204,-1.8564947642717164,0,benign
-0.27314587991664674,2.779438271707137,-3.1309827288720844,0.702098901845291,0,benign
2.499407787663271,2.768011143724379,1.6111860850205848,-2.55062812545893,0,benign
0.7643283772847106,3.508202277805827,-3.2356537929634404,0.49834820134305485,0,benign
1.066207237225319,2.1429902637426097,-2.7962479926190644,0.9713211262643464,0,benign
1.172020395822082,2.7447707505618486,1.4222630228585085,-2.799981965769044,0,benign
5.703920931560915,-1.4392927350955407,-3.5629765669686946,3.024453807944024,0,benign
-0.3006300211108626,2.787762185864919,-2.3351618128508593,1.3419210886581179,0,benign
-0.5531713298004654,0.6241592951039635,1.9367083227872286,-2.821986755413949,0,benign
0.16861099568489699,1.9195282680997217,1.8456375552734132,-2.74954105727678,0,benign
5.413322095856398,1.1344937956419552,-0.2509380239393573,10.489959494419207,0,benign
4.379707056883046,0.11507924427794972,1.9974855428847638,-1.6142658803921144,0,benign
-0.44199958462988725,0.5942367114930854,-2.9920145446792104,0.4868848961019039,0,benign
0.2788293435195313,2.2668664467525805,2.4757540814429895,-1.8263227304702399,0,benign
-0.08388326653745562,0.11165238624974744,2.249093046073341,-2.2473525512821064,0,benign
4.903735102447601,0.5823387624621232,2.529213037158375,-1.7024124888438037,0,benign
-1.6432136855355919,0.3272122789675411,-2.6399231214551677,0.6182765412672819,0,benign
0.98296224730293,1.8263208446924137,1.9029515394276548,-2.695426399112577,0,benign
9.389014047149228,-0.7574831331212395,2.812609185782536,-0.4574945096859947,0,benign
5.3418172750071315,-2.7915260325170075,2.3672918989256715,-0.406666053417424,0,benign
1.070178556128861,3.551998989339593,-3.5384369433323335,0.3100952971903068,0,benign
3.4336534118992743,2.9236587763205266,-3.525591592758811,0.7959593757836907,0,benign
-1.2065908128014007,0.6228458649444627,-2.690945208692149,0.6646319393181463,0,benign
0.9143101985736736,2.727991731593341,-2.1718944048172157,1.7666077078636513,0,benign
4.409137515638978,1.0453157357019733,2.766653957553839,-1.6395685249302545,0,benign
-0.8215071029815816,0.43814548073406795,2.061722132919043,-2.7667525263458908,0,benign
1.0550030979095204,2.8506857058494117,1.1705624439382596,-2.8909303983550476,0,benign
1.203406281714852,4.132131220643446,-3.995877527134678,0.24000175337698626,0,benign
3.1845428358154213,4.467316558357754,0.12834031501375315,-3.5503465480731156,0,benign
9.728600141160573,-0.6010538101877128,3.8199327902775697,0.04349920229347172,0,benign
6.169314789336326,-1.9607556696208386,4.080284321312494,-0.614646379927472,0,benign
7.115767547244832,0.47626878216412466,2.786103674669797,-1.2390090331918895,0,benign
-0.09883271791420634,2.2863288722815907,-2.8860108519116103,0.7111312228405162,0,benign
2.8860884553971617,3.9627997008651668,0.32237564224827325,-3.380935813431363,0,benign
1.8869265256866974,1.9216256241495093,-2.5928506874089567,1.2491715525877949,0,benign
3.4545161042402737,4.0028885841504325,0.6348848028462919,-3.4983534050193854,0,benign
0.5101530240243715,3.448488156203867,-3.5234128050619447,0.43723923141409976,0,benign
5.6403648241247915,0.7323645734673273,1.9530162614033006,-1.917059616600385,0,benign
6.332553277610423,-1.2489964345964284,-2.6180160622831425,3.097476634502189,0,benign
3.371158659285596,1.2970982708301275,2.1471344168659123,-2.0330902890454596,0,benign
7.050712620123244,0.7097594202808712,1.9171091225391148,-1.4927677153520058,0,benign
4.800172778896065,0.13301620419092589,3.0319346795958695,-1.355269025822527,0,benign
5.320873444995993,2.4878039594943027,1.337459185230614,-2.590410856924753,0,benign
8.622036725371109,-1.0375255253846338,1.3140366148620555,-1.028609274949549,0,benign
0.8014329224377775,2.6225458472670877,-3.0464147778187898,0.7825702968603105,0,benign
5.80293664511137,0.7402787931155194,-2.8820191002798077,2.1303808225940624,0,benign
-1.8656257871765487,0.2204528435235387,-2.6445490680434003,0.591084998745423,0,benign
-0.6210403014727404,1.6337238447473021,-3.0497816842326904,0.12223148836132328,0,benign
5.823750190651916,-0.752311448165696,2.5182783851905963,-1.1066558273513187,0,benign
0.7417056521858032,3.772597450528533,-3.7560557905722467,0.43314168225524713,0,benign
7.729784053186795,-0.8367377638035847,3.0425027481133045,-0.6675367710879857,0,benign
0.40190783038564604,2.1149080618113754,1.7233945279497018,-2.6407399056420675,0,benign
-0.11388556286277726,2.5470343663855144,-2.9267417557759385,0.5106389270232145,0,benign
28.265540977031495,-9.08817390735114,4.08408668816298,12.68459751637355,0,benign
2.687780129733298,2.647002385985844,-3.2128734398334764,1.0499793332780054,0,benign
1.4163176894231975,2.93790339907062,1.0540144118608654,-3.084524966936881,0,benign
0.9679161443438971,2.6897725126690286,2.3003890678154413,-1.7777337684326964,0,benign
3.2336764257248225,0.7701565040505901,-2.1195293841675147,2.3533606429866776,0,benign
-1.7185441866950322,0.604635605595113,-1.8206173034306323,1.481654080905242,0,benign
3.687339943748344,0.8173494209892305,-2.447261961329225,1.9331357248007925,0,benign
3.676647862791347,0.20512587618575576,-2.662356592335691,2.1319571063409968,0,benign
10.111978492813993,-1.0825999471246854,-0.6213898295967211,4.250098271897974,0,benign
1.2864399926466672,4.227934331042273,-4.044708120987745,0.19503217473703915,0,benign
2.221762001421755,3.1216169903232056,0.4989621057165009,-4.086737093456927,0,benign
4.1846303002754235,1.0741791154017013,1.9470575065196811,-1.8418430260264393,0,benign
1.8393418372635137,1.4425649541543941,-2.694358311497113,1.425353271470953,0,benign
6.149350544701781,0.6021939830694452,2.4037338871132414,-1.5823729344761912,0,benign
4.546387761901585,0.7156461375193736,-2.5053600549329897,2.235179421863629,0,benign
5.065319234221758,-1.8519132024499434,-3.2743489492479125,3.242113587440639,0,benign
3.1650334690620983,0.8996249402369472,-2.0616932782257464,2.2981789339468626,0,benign
4.90424761807278,2.1952899944975646,1.629886450090529,-2.3821816014071326,0,benign
1.539006459988578,3.1881174077643473,1.1027978118388624,-3.107574396749849,0,benign
4.577516047117984,0.10335522099639977,2.4794768035247032,-1.6678911884382892,0,benign
5.214349168659613,-0.42336019330614555,2.727372365080874,-1.1822083285057714,0,benign
1.5393776939689454,4.244310497906981,-4.184094645432865,0.2273885571712846,0,benign
5.6370601782336065,-1.9207347455462,-3.304093352274089,3.2421141412518324,0,benign
0.8557592289355017,3.393322584585131,-3.500088923179612,0.5419202126495759,0,benign
3.082443983843494,5.032079055956459,-4.999506856370885,-0.2576596661753659,0,benign
3.100419681133265,1.8782947254635234,-2.5502516085434133,1.5223753043020982,0,benign
14.543520888864043,-2.429150794219338,5.384677240152072,1.1948804549435155,0,benign
-0.43505288626254635,0.6476954285845365,1.8946248992308155,-2.7972703709912725,0,benign
6.203396397508904,0.3410052772694156,2.2435431386490325,-1.3964561872577754,0,benign
7.795192578913149,1.462653032597365,-3.4754052142644163,1.8573743897647028,0,benign
3.3309606280940165,3.9152732019961776,0.615924285553403,-3.3800373400491304,0,benign
3.334405770174507,1.584394102138709,2.2660602979612268,-2.0201990209547684,0,benign
-0.45619823202440263,1.6308004798418216,-2.994235051296262,0.3248976441817115,0,benign
6.307429186627672,-0.3519895962896919,2.568146224827079,-1.1570257410496523,0,benign
2.307910404288791,3.7436594069001377,-3.683181320156208,0.22375233448861848,0,benign
0.9932393349330207,2.1372856402469873,-2.800502409840508,1.029617123609566,0,benign
3.4470805528139516,0.6269638106024176,2.3431060620857216,-1.8510102635100616,0,benign
2.6245505575874986,-0.04888439772883139,-2.6132164641746223,2.0960903519232144,0,benign
6.5048435342197,-0.30233900750330633,-2.5332705374559543,2.6888296722656744,0,benign
4.694734543169109,0.7953636512441332,2.0446224075694484,-1.7763863361087489,0,benign
-1.1729132281044616,0.687896563730584,-2.8615472395833343,0.3967432600127649,0,benign
5.2918697906614245,1.014807299859306,2.402135621042685,-1.4127149296803043,0,benign
-0.7359578952434758,1.518681771929205,-2.927206086922086,0.38143065585841585,0,benign
1.4748418609824887,2.884185750229892,-3.134251730680944,0.7472854668434783,0,benign
-0.22716388460429696,2.3685679540963887,-2.346409212516269,1.209474309674878,0,benign
-0.026275541986807247,2.6514252205412046,-2.5102873168135345,1.2042053009694633,0,benign
-0.45552065377836715,0.6138613168047602,1.9486942848560838,-2.779197534051719,0,benign
1.3110248072259476,3.098542508903534,1.2155770833009358,-2.9306471464329746,0,benign
1.698951569565224,1.8686058287533134,-2.40028455363628,1.5485684881596506,0,benign
6.03737362983972,-0.2861373146261236,-2.931107593766952,2.6090521121446244,0,benign
-1.6825767396637152,0.7104379098694973,-2.4667819875487296,0.6738012748362598,0,benign
0.14123878933310527,1.420161264555253,2.031640962432456,-2.5181993604593407,0,benign
4.697597748657103,0.5058745207172228,2.4615300052498696,-1.6969686940701414,0,benign
-0.6826939961340027,0.37415919043653084,-2.9865173443712667,0.5302338415437702,0,benign
0.7014485716892621,3.513831839659962,-3.3622409143826797,0.3318931294166528,0,benign
0.9865669999598454,2.7343735388407375,1.394903459854221,-2.8914006953253133,0,benign
5.023854359508039,-0.19216417327647542,2.5481056445937775,-1.2820315309898822,0,benign
4.776186013782121,0.9115993132256625,1.9438026675316726,-2.0393682494092347,0,benign
3.0472040282414405,3.8313478945981054,0.7718148528283192,-3.234657465544553,0,benign
3.813474014534541,1.1422169767377321,-2.599655369964528,1.7226806288558751,0,benign
3.3664115924454308,1.374944458212194,-2.8842594901874246,1.4932522571302198,0,benign
0.08207472171622551,1.8291138043818367,2.495010741404002,-1.839231680771144,0,benign
3.1085139089731357,1.5749292168629498,-2.702397902561668,1.5167688812065045,0,benign
0.3193974788799333,3.330004034336926,-3.5204615879567633,0.47436556732799257,0,benign
1.3770880885626933,3.6607274078906484,-3.6406193340101964,0.21577564267484872,0,benign
0.07769713855241875,2.2324175857831268,-2.723050273627851,0.931035476836812,0,benign
4.72460039969064,3.381643602941401,0.6625820151061668,-2.93797173058046,0,benign
3.0377808520374416,2.6853650503610464,1.1404073989777017,-2.6223843157106783,0,benign
8.508408570287566,-0.8318930382333112,2.6210340642802503,-0.8861534132944593,0,benign
2.974823500154863,3.2600155929333483,0.9829430902132859,-3.1661750276293272,0,benign
3.603305351039206,-0.15137296566237388,3.0936493020841556,-1.0484726740711507,0,benign
0.2961738135452058,3.084463001537118,-3.1535876601722275,0.20528032071796593,0,benign
0.3874004238609445,1.3386112587717132,2.150040864928837,-2.4666571635364103,0,benign
0.4244702663393837,3.050418400157242,-3.280184931028609,0.5203083625557365,0,benign
0.3500954266597941,1.1115876430176002,-2.785441071849536,0.6073676159076371,0,benign
-1.47499562771539,1.4023837075973629,-2.294272156497871,1.0375320874597314,0,benign
1.8879650592470785,4.543504433926428,-4.3090982295560485,8.931073401254164e-05,0,benign
4.981105218293579,1.5998173721030888,2.2047305056766935,-2.0103175275550718,0,benign
1.1977214058961818,2.5203551959991106,1.5109241462213547,-2.885037488072416,0,benign
-1.2353536477179146,0.9785509538534493,-3.038473214442934,0.1264813293150307,0,benign
5.805964055750884,0.47359929295778885,2.8007490898591603,-1.0948285575055685,0,benign
2.042546896102968,1.9715972424827684,2.08920924113859,-2.2344901395130274,0,benign
4.323710774060794,1.0079257093240828,2.284455723855469,-1.400755764020956,0,benign
1.1222935601837007,3.974552321359973,-3.817048143576357,0.27962355301864583,0,benign
3.145769632159664,-1.7115171026105749,-3.4473989852831073,2.802075868387607,0,benign
4.012474467216864,1.2904241220086154,2.562529812381837,-1.6791354355477903,0,benign
3.6306366055017034,0.423341341754457,2.373873180526116,-1.5491884895755619,0,benign
5.390171029781248,1.6011142843730026,-2.4164336234186075,2.012238106133397,0,benign
1.9383296197455573,2.297347384039374,-2.717465429236083,1.5174949613616364,0,benign
12.239681223370598,-0.9369420495690652,3.9529559570169064,0.05396118360713188,0,benign
2.8618193670466843,1.8177445572362192,1.8686208296071052,-2.1913774883742083,0,benign
1.4637350622712784,3.031382084998314,1.1595918285769957,-2.9241830528426282,0,benign
4.2280016170235175,-0.4314255143861903,2.5829780722324682,-1.2149885158328262,0,benign
0.6553279553802035,3.3433819954284654,-3.3812298642668046,0.09447236344241336,0,benign
1.8542931071272317,2.6169929118964386,1.6871065884293044,-2.727166791802429,0,benign
3.7794452107346204,1.3044008381994256,2.0973174183923726,-2.3254438813562124,0,benign
-1.4746068831806816,1.1285258041963755,-1.647692423020325,2.034070905367146,0,benign
3.081335407935552,-1.5420543237294895,-3.436277431740145,2.8641229593878195,0,benign
-0.11877676847041221,2.8091455655292146,-2.7765071457298838,0.8168489902229816,0,benign
1.9045606733774536,1.5442636861499113,2.065174477200363,-2.081980480439389,0,benign
-1.2907312690304353,0.6216780424946134,-2.8681679192604217,0.35244568238693647,0,benign
0.3381488493524842,2.8477740841193775,-3.0065182318430503,0.5447284324322513,0,benign
3.442037032275573,0.9350712501116524,2.5879576856571576,-1.6280528364342233,0,benign
1.560055883667091,2.8760515102935322,1.77705893445513,-2.3740599007432,0,benign
-0.5851175584672029,-0.38584698846644444,2.2968158332724187,-2.5368605538838014,0,benign
0.8531952206825361,1.5856170527685487,-3.227243241641873,0.44905247612571814,0,benign
1.1031774416055544,3.2290528362005455,1.6801156738520941,-2.792424903418056,0,benign
0.20299324514644515,1.9209251686811128,-2.6536279356322034,0.8939146757317143,0,benign
0.5493693492319351,3.370138168734497,-3.5178118099612843,0.39090820150459255,0,benign
2.9501328366645128,-1.816396889300526,-3.344122057355231,2.846776265945804,0,benign
0.7835612008668599,3.120151340595267,-3.274765847393686,0.2982913405774536,0,benign
0.6030104521756078,3.564465161207959,-3.575215331137676,0.4524323204682759,0,benign
1.0690468623059208,3.815673823404927,-3.6527694768697847,0.28121709151026514,0,benign
4.699009506608623,3.0018512396712973,1.074945823687801,-2.6984537546638907,0,benign
5.568684790568521,0.26276199063832,1.922279095771297,-1.6426606043825676,0,benign
5.104771448444405,0.831984803424607,1.9333939140158027,-1.5981605722095964,0,benign
5.650472188106879,-0.5995906196986852,3.079706328380737,-1.0572149541485076,0,benign
-1.3286140941678521,0.5578027723643922,-2.8080251670346903,0.42150813966737904,0,benign
7.167484694987311,0.7710122757531789,1.0739396380478183,-1.8279654140154626,0,benign
4.7006456378152714,0.7113916275272915,2.600975763115954,-1.6267916041833612,0,benign
0.14615110395737232,1.100527173470114,1.270809992178048,-3.4652694991648483,0,benign
5.158944064453857,-0.4267963239816535,2.517815670899114,-1.282831272241777,0,benign
2.4455730760501484,0.693235492015622,2.40906868085283,-2.0969342164952884,0,benign
-0.7460588263640663,1.4382044818661541,-2.8078251198316293,0.5979894900043905,0,benign
-0.38268705333116154,2.4653690312817518,-2.7950502329369193,0.5555211539310254,0,benign
2.624156083666481,-1.3073759254418253,-3.028042196936322,2.7230381271851183,0,benign
-1.9399972549598297,0.7010345266037423,0.1564045211272338,-0.4692854166839531,1,ddos
-2.5464148869947523,0.18226503303154185,0.11348052588474788,-1.0104417538385002,1,ddos
-1.5832952480921891,1.6068063470856455,-0.12429508961113578,-0.6488469426466233,1,ddos
-1.5832306060449284,1.6069759566369364,-0.12414382959311374,-0.6489188000649796,1,ddos
-1.9399929462847447,0.7010329469832339,0.15643772351836316,-0.4693097001670396,1,ddos
-2.546382331966757,0.1822614322990802,0.11371643793038827,-1.0106126230260482,1,ddos
-2.546021456512842,0.18200997514596773,0.1167111316920321,-1.012826773069369,1,ddos
-2.5463821984706865,0.1822799968896353,0.11368406696167341,-1.0105852144135696,1,ddos
-3.050663501479386,2.9871599848482573,4.218375853299218,4.9748763891690375,1,ddos
-1.3967985586997962,1.7579484516194277,-0.1826375035466072,-0.86824422758298,1,ddos
-1.5713501216409997,1.6130948522991952,-0.12520044558172147,-0.654240458831021,1,ddos
-2.43202233099614,-0.630698722475898,-0.10068749838665905,-0.745600998566137,1,ddos
-3.0506622382689854,2.9871605574598394,4.218383729047262,4.974870836752882,1,ddos
-2.4363512163730743,-0.6369958256690034,-0.09846548558385801,-0.7459223031331478,1,ddos
-1.939995249373621,0.7010268768379243,0.1564323832509513,-0.46930718121635834,1,ddos
-2.4635597892607075,0.26573798931009157,0.0788668624683457,-1.0490905776927253,1,ddos
-1.8949918407711497,1.3793846948798136,-0.026392189488008796,-0.8075356141885188,1,ddos
-2.5464095935046256,0.18226382697422266,0.11351999903431292,-1.010470476276764,1,ddos
-1.9544261606927547,1.312579592355567,0.006521989261496137,-0.7954035975392183,1,ddos
-3.0507016377488467,2.9869829839285016,4.218424671455663,4.9748023804216865,1,ddos
-1.9399700284774375,0.7009467767825519,0.15675387220274975,-0.4695565217532692,1,ddos
-1.9631943529595495,1.0832150855829776,0.31650718911511977,-0.19427328671765678,1,ddos
-2.446521343680111,0.2520185089909086,0.09738134399708753,-1.0528280260871414,1,ddos
-1.5832466988331597,1.6069109736940697,-0.12414064926175197,-0.6489353426554197,1,ddos
-1.9399666302576015,0.7009857894089048,0.1567078198504914,-0.4695147656805763,1,ddos
-3.0029025108810306,3.0031349084639607,4.202072483248093,4.938268439621196,1,ddos
-2.493012870057726,3.432603584079438,4.0292445624969355,4.902031816340916,1,ddos
-1.9544324560990463,1.3125554893716216,0.006520868454800732,-0.7954080749079736,1,ddos
-2.546435130528451,0.18218043707033554,0.1134896444977003,-1.0104668784324233,1,ddos
-1.940011677666037,0.7009774677013865,0.15640525364700292,-0.4692984569183553,1,ddos
-1.5832882115619316,1.60683418037918,-0.12429543887049876,-0.6488405874423836,1,ddos
-2.546382938299291,0.18227665270965515,0.11368485329573305,-1.0105865146437025,1,ddos
-1.8817579640422424,1.3945124968533182,-0.034413673497759145,-0.8102817219371417,1,ddos
1.278534335558421,-2.0723052674989795,0.42287969897632044,0.2536990833600037,1,ddos
-2.5464235690372212,0.18224602490087277,0.11345344175200772,-1.0104263958559836,1,ddos
-3.0507179454735933,2.9869391166873465,4.2183884473783735,4.974818876585794,1,ddos
-1.597719618328577,1.7181036790299398,-0.2061178599738735,-0.8653921744108288,1,ddos
-2.437333824535506,-0.6392848821126113,-0.09815164976882682,-0.7462907705606372,1,ddos
-1.9399550661330878,0.7010061714425936,0.15675275187633828,-0.4695426897363631,1,ddos
-3.0506631978371463,2.987163182079018,4.2183722563638035,4.97487968346441,1,ddos
-2.5463911045764007,0.1822475392589512,0.11367953707406747,-1.0105890660663976,1,ddos
-1.9544510319635904,1.3125643405872554,0.006374061558420991,-0.7953002942806027,1,ddos
-3.073903973892605,3.3693595770688614,4.3781386614404285,5.250137713076015,1,ddos
-2.3879387895125936,-0.6028148378876262,-0.10570790556852608,-0.7643693321300326,1,ddos
-2.466459600408272,0.2150444965979198,0.11394477896325468,-1.036451091287687,1,ddos
-2.546638629617858,0.17905489008760717,0.11334508665521129,-1.0104957590890602,1,ddos
-1.583238856131474,1.6069393338197322,-0.12413626188225346,-0.648932286781075,1,ddos
-1.9399515520814665,0.7009993456112599,0.15678976736120567,-0.46957087266247205,1,ddos
-2.546416079087995,0.18225872796020376,0.11348343756739998,-1.0104452356053397,1,ddos
-2.45340174586098,-0.7038411143885454,-0.09733312962498039,-0.7614880567613243,1,ddos
-2.546435214726595,0.18220002993357687,0.11345389409099882,-1.0104368079469483,1,ddos
-3.0506637226545568,2.987161087108472,4.218372316565649,4.974879180667806,1,ddos
-2.5465721728090904,0.18152580174266636,0.11369841942657571,-1.0107609449917034,1,ddos
-2.5464378255155644,0.18219219362978767,0.11344955427663306,-1.010435397558887,1,ddos
-3.050665585192577,2.987148031949348,4.218382615086614,4.974868893207985,1,ddos
-2.435853440864882,-0.6288559164588394,-0.09799466994420133,-0.7438778635186052,1,ddos
-1.710663047795806,1.589910898874303,-0.1383663862665764,-0.844893834234179,1,ddos
-1.8719639169850812,1.3568580186046681,0.001387151033477587,-0.8250042845243802,1,ddos
2.0228559642322828,-2.2126685801134283,0.045662133886223984,0.25434422297021847,1,ddos
-1.728736517291745,1.5712081003308875,-0.12940412259021786,-0.847175796205417,1,ddos
-2.442404795914853,-0.6552745392152821,-0.09748060876624026,-0.7496426559328825,1,ddos
-1.9632012431000732,1.0831876487759273,0.31650785869748177,-0.19427978591384568,1,ddos
-1.9547435850041666,1.3099282713670939,0.009042219734251095,-0.7978019383946744,1,ddos
-1.53700365084019,1.774267377435998,-0.2323203585941155,-0.8772314785526284,1,ddos
-3.0506635809873117,2.9871613249325693,4.2183728883041205,4.974878820626946,1,ddos
-1.5832303444528684,1.6069740066074212,-0.12413848678024172,-0.6489230795501331,1,ddos
-1.289313465892468,1.8334692745093453,-0.19814965864839723,-0.9154680079309314,1,ddos
-1.963493610642089,1.0822056639288078,0.3162092744361822,-0.19427985706367942,1,ddos
-2.435580035567473,0.22169592330860627,0.10997853415409956,-1.0363630149652319,1,ddos
-1.9068616931893385,1.3397578076647212,0.006212546555742135,-0.8164472261133193,1,ddos
-1.5237803058636532,1.8018847008761771,-0.25037630757387636,-0.8782949938902499,1,ddos
-2.4371433795021247,-0.6304919697391929,-0.0973639335015723,-0.7436409817455527,1,ddos
-2.5464146557812595,0.18228458090585437,0.1134470792567508,-1.0104133541160687,1,ddos
-3.05067081392327,2.9871319611896214,4.218374599479373,4.974871147952592,1,ddos
-2.4366423985420846,-0.6367001844490842,-0.09841419265156764,-0.7456412244676074,1,ddos
-1.5832440492859188,1.6069186601731986,-0.12413576743352531,-0.6489371766598615,1,ddos
-1.8152754888086926,0.7759420647277225,0.14746449287743654,-0.5215220969006842,1,ddos
-3.050660060090315,2.9871536021767433,4.218411561455934,4.974849245932627,1,ddos
-1.9540128817031186,1.3121661496908765,0.010176691164060656,-0.7981290980308996,1,ddos
-2.440921247272396,-0.6415826107767092,-0.09650698817666392,-0.7460844380522926,1,ddos
-1.5832642902241407,1.606925942945032,-0.1242914955513171,-0.6488233082580525,1,ddos
-1.9632492285880643,1.0829971553623636,0.31651146922352164,-0.19432416114097475,1,ddos
-1.899736687184218,1.3428100918195605,-0.0008049291529579234,-0.8142986229238557,1,ddos
-2.5464961506194457,0.18194079351292353,0.11348957973966536,-1.010519381842464,1,ddos
-1.3967710151835941,1.7580578322689482,-0.18263964423703744,-0.8682186987913617,1,ddos
-1.5834785253287544,1.6059879385218925,-0.12411831229146017,-0.6491538536085274,1,ddos
-2.5464225576605073,0.1822528941503233,0.11344824401398595,-1.0104211422535538,1,ddos
-1.656762347145381,1.6496915457051562,-0.16926372758889377,-0.8503985905645375,1,ddos
-1.9544228820332064,1.3126142977525888,0.0064828230271653286,-0.7953677504868781,1,ddos
1.42983496465001,-1.982196442209709,0.34120791741081635,0.2882843825736175,1,ddos
-3.0506647599995613,2.987155599134738,4.218374852748199,4.974876148792644,1,ddos
-2.546411887831598,0.1822932678418967,0.11345100040044725,-1.010414276135221,1,ddos
-1.0017788608767966,2.1684256967710684,-0.38165762949960785,-0.9625531004350748,1,ddos
-1.9544758397641293,1.3124034483812117,0.0064879149544560056,-0.7954176574670675,1,ddos
-1.939960231448387,0.7010053837340049,0.15671775968167537,-0.4695176350217924,1,ddos
-1.5832441734283869,1.6069229069262745,-0.12414426267481724,-0.6489301208116106,1,ddos
-3.0506579447575297,2.9871559918342743,4.218422182580468,4.9748421127009514,1,ddos
-1.9399715436097962,0.7009653188546193,0.15670992194853425,-0.4695207700510878,1,ddos
-2.4353848271983147,-0.6381327979150929,-0.09936752042249622,-0.7463892604567047,1,ddos
-1.9281408249821022,1.7288616433802413,0.16158856530523205,-0.5378503124768296,1,ddos
-2.2828079320229624,1.4947492550565542,1.5645744581490844,1.4234438057125591,1,ddos
-3.050664056971221,2.9871594387740577,4.218372918001819,4.974878385611377,1,ddos
-1.7332500050702255,1.5649936096881578,-0.12555875903304103,-0.8430125650228826,1,ddos
-1.977760164592244,1.6944324310374508,0.16624778481104843,-0.5201916272368889,1,ddos
-3.0506582423332476,2.987154802664818,4.2184222190556415,4.974841825638033,1,ddos
-1.954130852042612,1.3123756037886376,0.008969385360135203,-0.7972127669633386,1,ddos
-1.9477110808915117,0.6702392619390544,0.15729502615893629,-0.4766803433701337,1,ddos
-2.5463827068160376,0.18227876797279313,0.11368268923391461,-1.010584490629979,1,ddos
-1.939955259564346,0.7010072059661189,0.15674953222965185,-0.46954014169338937,1,ddos
-1.9400782968626724,0.7005163803559956,0.15676307934435244,-0.4696575388238316,1,ddos
-3.0506639429743663,2.9871536887820196,4.218384039112264,4.97486910701909,1,ddos
-1.4667417319332976,1.6871569070621362,-0.12245519102430583,-0.6644240075835154,1,ddos
-2.546381643002444,0.18227959724877263,0.1136886990615163,-1.0105886415376715,1,ddos
-3.0506731109660326,2.987116887765678,4.218385457095633,4.974860014841811,1,ddos
-1.9399610422974083,0.7009643507162291,0.15678567341548164,-0.46957559498793305,1,ddos
-2.4347435086283324,-0.6399893556624249,-0.100157220346279,-0.7472509717793877,1,ddos
-2.4346207491871783,-0.6328319946861399,-0.09927642642166778,-0.7453998486519774,1,ddos
-1.535181387618051,1.651742341428051,-0.13582383776518603,-0.6644449460386831,1,ddos
-2.5463836027895104,0.18227764809267377,0.11367838381286205,-1.010581632230576,1,ddos
-1.881700798985435,1.3582320021828649,-6.0708179276756074e-05,-0.8258476060263114,1,ddos
-1.9399970230024004,0.7010355227306176,0.15640436855907466,-0.46928508825560794,1,ddos
-3.0506988099287518,2.9870200201785106,4.218378145233963,4.974844044739641,1,ddos
-1.3928768461318053,1.7686558349016395,-0.1766628002618479,-0.8463429350462459,1,ddos
-2.5463834113072394,0.1822796080474362,0.11367621650193702,-1.0105796399311315,1,ddos
-1.3139124685092958,1.3155017274760896,0.0583770944756119,-0.7693245613126348,1,ddos
-2.5464059707029367,0.1822971002173735,0.11348582816998054,-1.0104385446603277,1,ddos
-1.5832297631108039,1.606975681073493,-0.12413739404760094,-0.6489235001659246,1,ddos
-2.2862175873607455,-0.47436606795260133,-0.1581417669667382,-0.8063677324263352,1,ddos
-2.546382936051442,0.18227643945969269,0.11368525178947594,-1.0105868486981557,1,ddos
-2.5246764325690823,0.1938316827790566,0.11345153420383136,-1.0193100273816842,1,ddos
0.9915839779194365,-1.6079874453232044,0.4860369601000652,-0.07825563251449442,1,ddos
1.3810195660219122,-1.81875049524442,0.43103435687478603,0.3117691155731486,1,ddos
-1.948045410467009,1.3182391962434383,0.0012776536950563115,-0.7981297342735891,1,ddos
1.338451528865067,-1.988786135262529,0.39387628260794194,0.29372993449821105,1,ddos
-2.438760374697953,-0.6498291820384264,-0.09866899788140163,-0.74899866161365,1,ddos
-3.0506721266266608,2.9871268603029906,4.218374500329532,4.974870100889236,1,ddos
-3.050669984814713,2.9871295866178444,4.218384703991823,4.974863342448571,1,ddos
-3.050664101214304,2.987159939216279,4.2183717081906265,4.974879367557851,1,ddos
-2.5464497618564685,0.18201437457660735,0.11368450009521333,-1.0106437735122353,1,ddos
-2.320684049722322,-0.5774436693702675,-0.10886458952678496,-0.7970227028161541,1,ddos
-3.0506623799263264,2.98714451105082,4.21841152392921,4.97484727944511,1,ddos
-1.5832304524310126,1.6069763641077421,-0.12414347806339088,-0.6489189641465688,1,ddos
-1.6064718611369264,1.9891766015142511,0.03561157329030011,-0.37365190654342045,1,ddos
-2.5464060673903517,0.18229355426167337,0.1134915094867383,-1.0104434181498934,1,ddos
-1.723206568058595,1.57943337453129,-0.13679628763863533,-0.8507462414560969,1,ddos
-2.4160224836957793,0.25983986977426315,0.09887684552821892,-1.0595359203657053,1,ddos
-2.409774441294145,-0.6071286116807435,-0.09552215770533322,-0.7535206693815011,1,ddos
-2.9456951325638427,3.0167023723249975,4.203459988888147,4.929062368017348,1,ddos
-1.5833052895483315,1.6067678107629246,-0.12429671409692356,-0.648854221896703,1,ddos
-2.5464098627361427,0.18225941367317933,0.11352602058755429,-1.010475785253427,1,ddos
-3.0506641593354273,2.9871359689058212,4.218414310305084,4.974843397462176,1,ddos
-1.8230875704006422,0.7874387254953288,0.13539145233702646,-0.5188271086557178,1,ddos
-1.5832306037298098,1.6069771833515467,-0.12414601446359524,-0.6489169558941981,1,ddos
-1.5342142519488222,1.7895803874655738,-0.24363577434490857,-0.8749859945198155,1,ddos
-2.5464147992490105,0.1822843554055476,0.11344647271462019,-1.010412966281272,1,ddos
-2.546383174796502,0.1822783101031652,0.113680212452899,-1.010582805410833,1,ddos
-1.9399538046313718,0.7009925382723372,0.15678610610010407,-0.46956972583801676,1,ddos
-1.8005263569458851,1.4128516075855302,-0.008186431929810199,-0.8584045664526796,1,ddos
-2.317816436283917,-0.5703987286746184,-0.1093123608441868,-0.7949802388365605,1,ddos
-1.607233543101912,1.99984169967283,0.05135497025443424,-0.3314435528974124,1,ddos
-3.050662447265814,2.9871626438065646,4.218378512326276,4.974875055224964,1,ddos
-1.679340090714315,1.595381572505376,-0.12977617762131702,-0.8615164367240065,1,ddos
-2.5464769352211385,0.18190706256488598,0.11368553773463203,-1.010668053444746,1,ddos
-1.4030440307212684,1.5919389969220787,-0.08022689796121987,-0.8426931071100099,1,ddos
-1.7834406003317365,1.5061940888391978,-0.0935385585311935,-0.828296987204662,1,ddos
-1.9399592892552424,0.7010090203420432,0.1567178749064224,-0.4695169206410322,1,ddos
-2.5463823549448152,0.18228010946754858,0.11368276210978473,-1.01058424900058,1,ddos
-2.5464139490348976,0.1822836270093457,0.11345377212257765,-1.0104183884786686,1,ddos
-1.9399607914314805,0.7010090676502508,0.1567072025347154,-0.46950921607436263,1,ddos
-1.842678749008761,1.40591575196212,-0.03183337315813201,-0.8263175518705541,1,ddos
-2.3859456860460795,-0.5925151456423862,-0.10545169127298884,-0.762496847112395,1,ddos
-3.05066804317428,2.9871590637288556,4.218345495830511,4.974898073246324,1,ddos
-1.9399574769229817,0.700975907450565,0.15679006538768295,-0.469576227146492,1,ddos
-1.025984815694123,2.0563690435890147,-0.30712799082248493,-0.7055037207544947,1,ddos
-2.4348701077858874,-0.6333733593333295,-0.09929404528667554,-0.7456023775838868,1,ddos
-1.8124167373852929,1.8836148496134542,0.06790366107912017,-0.5572029602780058,1,ddos
-2.4380336502273456,-0.639198875804594,-0.09799670584698406,-0.7459942298146004,1,ddos
-2.5464061849236286,0.18229397007662074,0.11348993497236678,-1.0104421918299376,1,ddos
-2.5463827213569705,0.1822790169166169,0.11368214004911292,-1.0105840401084571,1,ddos
-3.0507100752179306,2.9869703786229596,4.218387822021865,4.974826182688652,1,ddos
-2.4335553828476972,-0.6370238626341783,-0.10038184823115814,-0.7465307319346995,1,ddos
-1.5832297530150685,1.6069757542391987,-0.1241374541786954,-0.6489234407706156,1,ddos
-3.0506594158738842,2.9871537563855637,4.218415825246802,4.974846205789632,1,ddos
-2.982229919999914,3.0293684492201,4.190481377840008,4.927021320142705,1,ddos
-1.8697936512510822,1.4078855876209209,-0.041393682022336814,-0.8118469621000042,1,ddos
-2.3727754816584046,-0.6061729610224802,-0.10115436385238954,-0.7781834093820913,1,ddos
-2.4273764996633633,-0.627522918336271,-0.09650226510988763,-0.7489708104547664,1,ddos
-1.5832507623950223,1.606983781218062,-0.12429993373538961,-0.6488045417598766,1,ddos
-3.050662796990882,2.987142781014086,4.218411688754971,4.974846781244716,1,ddos
-1.4837568072388954,1.830111252850664,-0.25681997883514585,-0.8960671106786113,1,ddos
-0.4743574317942231,2.1787618200397474,-0.09408844411158843,-0.47538745472109234,1,ddos
-2.436531022658363,-0.6304082437625836,-0.09752398296870515,-0.7440388115667268,1,ddos
-1.382303830990595,1.146451819867745,-0.03237796086845951,-0.542387229955823,1,ddos
-1.7736574041971922,1.3227764698196611,0.018319202483022178,-0.7960971230123546,1,ddos
-2.4389108312971417,0.23199685944738418,0.10612070252441463,-1.0430118095125402,1,ddos
-2.5464292304553076,0.1822244192676612,0.11345230816827029,-1.010430316383103,1,ddos
-1.7405400826466013,1.5549561217639187,-0.11935341551196282,-0.8362860668588713,1,ddos
-3.0223306721545904,2.9917593886702574,4.203581907517227,4.945760788752308,1,ddos
-2.5464077536317826,0.18229305065255186,0.11348052835881861,-1.0104356117945683,1,ddos
-2.432000855248357,-0.6368907606386078,-0.10108958419239683,-0.7469999427708512,1,ddos
-3.050664191993427,2.987159383664434,4.218372065239697,4.974878988321259,1,ddos
-1.8599665162809043,1.4193657444930996,-0.04761514147278691,-0.8145876579661055,1,ddos
-1.5832483157951411,1.6069911878128447,-0.12429598008187989,-0.6488057679756981,1,ddos
-3.0506854395111094,2.987047647333281,4.218422807714173,4.974817903753556,1,ddos
-1.6074602830773452,2.0031320279261298,0.056245408244132176,-0.3184850264860292,1,ddos
-3.0506573282082523,2.9871581541671213,4.218422648040349,4.9748422512958825,1,ddos
-2.435182228175973,-0.6393314783394123,-0.09968161899099465,-0.7467307439609879,1,ddos
-2.4458667913937755,-0.679795817299888,-0.09862942819245749,-0.7567706723325083,1,ddos
-2.4439585778140973,-0.6753147992568459,-0.09885525436772519,-0.7550830754161898,1,ddos
-1.939957133048961,0.7009999121788916,0.1567494155285932,-0.4695416569722049,1,ddos
-2.464465622686703,-0.7397664903699545,-0.09524440824093727,-0.7695553074200214,1,ddos
-2.536683273610368,0.18625903270175043,0.1147584673589781,-1.0143377707008319,1,ddos
-2.5460214444013847,0.182010063921762,0.11671105775756493,-1.0128267002995386,1,ddos
0.9723795142522009,-1.4331675655362195,0.5168399616431721,-0.12792940957786353,1,ddos
-3.0508061857270516,2.986571008968425,4.218427045341328,4.974710329293111,1,ddos
-2.54638437228305,0.18227496356959189,0.11367777739287271,-1.0105817837092046,1,ddos
-2.4930259557883767,3.4325886946293713,4.029179050282263,4.902075782018332,1,ddos
-1.97980565563898,1.6933132719316042,0.16871393326122167,-0.5164927021968304,1,ddos
-1.5832297052525328,1.6069765051508738,-0.1241384649618742,-0.6489225473883389,1,ddos
-2.437149267531877,-0.6430167719437853,-0.09878091272197648,-0.7475022087816946,1,ddos
-2.5463852013296595,0.18226808331835637,0.11368427995239475,-1.0105879804286537,1,ddos
-2.43900156325791,-0.6432640540408582,-0.09782193562929722,-0.7468962355842016,1,ddos
-2.546412848651482,0.1822687790681501,0.11348817052524587,-1.0104464437561849,1,ddos
-2.546478504680062,0.1820281473894133,0.11345720429359224,-1.010476885583811,1,ddos
-2.4320842507180784,-0.6334729589331695,-0.10069820656130524,-0.7462561159044332,1,ddos
-2.546445736749261,0.182140306920395,0.113486899421915,-1.0104736993002468,1,ddos
-2.435621072646807,0.24623223920709442,0.10400834050682513,-1.0551712503138126,1,ddos
-1.6078075914207535,2.009019988690996,0.06477964171455255,-0.2958091211999821,1,ddos
-1.8719997880012074,1.4058972679917754,-0.040614898324670426,-0.8129444469992715,1,ddos
-1.9399651864234961,0.7010088778539194,0.15667656677323397,-0.4694871709955492,1,ddos
-1.9539803910698343,1.3122951391976114,0.010174232562597224,-0.79809904012616,1,ddos
-1.5579874627600974,0.24750482348667185,0.13843308141298113,-0.2719440060413582,1,ddos
-1.0255832064253725,2.0524216181458366,-0.313301598950591,-0.721743831086518,1,ddos
-1.4389544559873586,1.654618436702822,-0.1297249445626847,-0.6745467684962633,1,ddos
-1.5832312087781142,1.6069736025444843,-0.12414385358694924,-0.648919298982528,1,ddos
-1.9399590596498992,0.7010099400008518,0.15671784297302296,-0.4695166959519657,1,ddos
-1.5854690054703737,1.6302335900150986,-0.08834656800422065,-0.5546396867759734,1,ddos
-2.394356391744718,-0.5822092973703005,-0.07622398949418742,-0.7311804428627011,1,ddos
-1.7303498607926977,1.5689865756765404,-0.12802879752886198,-0.8456880896264206,1,ddos
-3.050659810514877,2.9871533055713817,4.218413852709326,4.974847529024082,1,ddos
-1.337321461743168,1.7908608127245007,-0.18662392461657468,-0.8927142929813955,1,ddos
-1.5833626464991255,1.606451691120467,-0.12413373381268034,-0.6490410418235989,1,ddos
-2.546388131745759,0.18225844628596782,0.1136809185599727,-1.0105876703006882,1,ddos
-2.465146386986565,-0.7545414321257043,-0.09682802669856572,-0.7731722808914621,1,ddos
-1.9400134952751924,0.7009543120079272,0.15643399299068475,-0.4693242540863369,1,ddos
-3.07389870164445,3.3693803830893696,4.378138486923069,5.250142401329439,1,ddos
-1.7515344607154049,1.453072135006809,0.016845742703478623,-0.7919340184262454,1,ddos
-2.546436343571077,0.18219820581416002,0.11344921104294842,-1.0104338317279618,1,ddos
-2.546437768412905,0.18219242197800717,0.11344954699904378,-1.01043534223894,1,ddos
-1.5834490491143638,1.670375434721783,-0.15196364879721305,-0.8920130557493984,1,ddos
-1.9400077576888433,0.7009741487210707,0.1564388375239819,-0.46932339684624286,1,ddos
-1.9400029197445599,0.7010132986471668,0.15640268612105046,-0.46928874870548726,1,ddos
-1.583236439575095,1.6069520140002087,-0.12414198277559302,-0.6489253817658455,1,ddos
-1.0255817373946106,2.0524273623161373,-0.3133015522833553,-0.7217426051240093,1,ddos
-1.3858295776710652,1.9588490629612154,-0.333559932704584,-0.9044710551203521,1,ddos
-1.9544253611972404,1.3125997326772996,0.006491484866352972,-0.7953771890902828,1,ddos
-1.583250658935205,1.606984735041044,-0.12430091605800225,-0.648803624400815,1,ddos
-1.5832413562586813,1.6069348047185459,-0.12414575610792336,-0.648926435128118,1,ddos
-3.0506670924378207,2.9871465099944823,4.2183747228365815,4.974874249344979,1,ddos
-1.396797685691273,1.7579516816203615,-0.18263714633557804,-0.8682437768236136,1,ddos
-2.4473145903597344,-0.6735782863250419,-0.09693962089545027,-0.7540653452122222,1,ddos
-1.381441292863997,1.9628318360539196,-0.3351611136111589,-0.9021970859217773,1,ddos
-1.9544231418035982,1.3126132362198502,0.006482896929614683,-0.7953680365440617,1,ddos
-1.5832503892216587,1.6069821159460005,-0.12429431544876707,-0.6488089574035739,1,ddos
-2.549281791821828,0.17087839989287185,0.11370620920957714,-1.0131013702702638,1,ddos
-2.4343163720027774,-0.6326034682046301,-0.09944320641891077,-0.7451892766145154,1,ddos
-0.8706354297189165,-2.6687242684053922,-0.04965023364168765,0.21371751369771294,1,mirai
-0.7582095551752507,-2.4557307068997085,-0.0029425114184634163,0.1169247511147715,1,mirai
-0.7268252425253433,-2.3730952954494464,-0.011045487656274097,0.08702265509777675,1,mirai
-0.6179144650316554,-2.122409616913133,0.0542822961042157,-0.0036632991120591,1,mirai
-0.47674509412051524,-2.219634466985616,-0.4765074246919678,-0.09091691750274464,1,mirai
-0.602031749024892,-2.0478021458862843,0.022145666018302482,-0.03747847999728002,1,mirai
-0.8706542490775013,-2.6686902292051755,-0.049843953430914384,0.21386463927171992,1,mirai
-0.779114633857723,-2.3491355616024507,0.008778902888268124,0.07568519111994765,1,mirai
-0.9421200393025086,-2.2988873488403607,-0.2102203639028016,-0.008651970791989823,1,mirai
-0.8336775281581514,-2.2821693199098623,-0.27242239583744093,-0.027571959761859575,1,mirai
-0.4353608385171804,-2.2140711687213783,-0.5001800129340921,-0.09747776107220713,1,mirai
-0.8417166634163877,-2.1822496721383593,-0.2174900557600926,-0.07110711792690821,1,mirai
-0.6443978436169343,-1.8584042370026885,-0.0076118398200507725,-0.06116227678843492,1,mirai
-0.876336019542291,-2.5821812533511026,-0.04377248349162639,0.17424888348716314,1,mirai
-0.7182863345944144,-2.2821193874127252,0.015520026069845622,0.038634320984214814,1,mirai
-0.9058139210928816,-2.6260016505193158,-0.04899844673299106,0.19520860197106546,1,mirai
-0.8709798671466201,-2.670070024001325,-0.049663069856650685,0.21343166467530308,1,mirai
-0.8502849655603172,-2.6189123589374628,-0.03851358810184073,0.192957427899024,1,mirai
-0.664279278747751,-2.2125672175735756,0.0429911803429484,0.016999522926845305,1,mirai
-0.996576213345385,-2.3141725167277154,-0.17903997844454397,0.0017619931530743831,1,mirai
-0.967472544147795,-2.308937896083546,-0.19574225891252384,-0.003369721466184618,1,mirai
-0.5189642696913961,-2.2290296182158307,-0.4520404382724414,-0.08247089923645926,1,mirai
-0.8643857191340024,-2.6445856279151645,-0.054207371242704534,0.2064007541179681,1,mirai
-0.8170953022161953,-2.539853921441493,-0.036999125038012476,0.1672938440545382,1,mirai
-0.783823366901779,-2.4013452882806026,-0.011134773394424924,0.09337037782801283,1,mirai
-0.8488164741410281,-2.5654171326410444,0.005518312573788219,0.25031930235190625,1,mirai
-0.8238275610222364,-2.1136075853103033,-0.18286040313597207,-0.09750977889736498,1,mirai
-0.8706534666848411,-2.6686869303001455,-0.049844358529105875,0.21386565472367994,1,mirai
-0.8706593803920292,-2.6686872627457823,-0.049885442375033784,0.21389520101566847,1,mirai
-0.9057321343257101,-2.6260688015535303,-0.04830151148499996,0.19469142483332919,1,mirai
-0.8889619918764419,-2.2455963101376493,-0.2123904534845995,-0.04390277996054897,1,mirai
-0.7526256789032758,-2.4432133181978206,-0.017672075797954087,0.11581796853794953,1,mirai
-0.861498589382363,-2.283056925220301,-0.25750033708111675,-0.02344476203246735,1,mirai
-0.870642165176152,-2.6687296339769895,-0.049688077939094646,0.21374362076740908,1,mirai
-0.6753425145072787,-2.0594179514696305,-0.27498812410954093,-0.12623403395314772,1,mirai
-0.905756702740391,-2.626146830997358,-0.04833465785361536,0.1946982109002558,1,mirai
-0.8706339719453071,-2.6686970845435822,-0.04968873719094223,0.21375123363513948,1,mirai
-0.796132696879792,-2.547248211868504,-0.058398087987245405,0.14852770246625752,1,mirai
-0.7914987397143655,-2.4045172185809496,-0.0009250147911991894,0.09456343896058717,1,mirai
-0.8706353861898966,-2.6687013675414626,-0.04969101961315879,0.2137519399412799,1,mirai
-0.8299240507582848,-2.189369810672321,-0.23378190513510308,-0.061409567335560473,1,mirai
-0.8706754010654062,-2.668774209175205,-0.04984234301079728,0.21384506274893117,1,mirai
-0.6343440723570657,-2.1472082190659645,-0.3265451494357028,-0.10522426027449075,1,mirai
-0.8706413683217051,-2.6687026122169484,-0.04973094883876053,0.21378045377776236,1,mirai
-0.905801714898655,-2.6260147178582356,-0.048888968575390226,0.19512680878008912,1,mirai
-0.8792397796745044,-2.5667097589407812,-0.03520328396542054,0.16918403668092433,1,mirai
-0.8444892537318115,-2.288321332261313,-0.26587093157879793,-0.025259454737435967,1,mirai
-0.8792967526277361,-2.5666257074235133,-0.0357556548867895,0.1696006969068321,1,mirai
-0.6947031454520859,-2.2502127972762853,-0.353695964045698,-0.05494657349405758,1,mirai
-0.7469329343725561,-2.3254878981582405,-0.000187700678683792,0.06324151736140789,1,mirai
-0.8706583123991477,-2.6686844649117716,-0.049882935425348024,0.21389400716428952,1,mirai
-0.9634778808492277,-2.304731021706457,-0.19776537583042367,-0.004214388165449119,1,mirai
-0.8706637998760507,-2.668704051727431,-0.04988646557328308,0.2138922571233011,1,mirai
-0.7531307885677017,-2.3383201897928365,0.006903671609600731,0.06674804584689883,1,mirai
-0.6315109068842862,-2.2377366973631774,-0.38956511919845194,-0.06729527215968745,1,mirai
-0.9057589307956903,-2.6261558864828416,-0.048334112453392336,0.19469583196988116,1,mirai
-0.7531297220080633,-2.2696897562828293,-0.3182209253262652,-0.04167704044594223,1,mirai
-0.055135349751764665,-2.138103031829123,-0.7191281707569852,-0.16832863597786188,1,mirai
-0.7264466877277905,-1.9074718795620182,-0.20584628018438286,-0.18619349686683725,1,mirai
-0.8814885008253516,-2.2859082037610334,-0.24538119760915933,-0.020626813855938654,1,mirai
-0.8706628694701251,-2.6687027194367525,-0.04988229861346233,0.2138895451251521,1,mirai
-0.71614725943218,-2.214779900920915,0.022998505295871614,0.019349355692838494,1,mirai
-0.8706591895358086,-2.6686892218982035,-0.049880581745253116,0.21389126715747903,1,mirai
-0.8706972462597846,-2.668839456929163,-0.0498792310218997,0.21385734915956528,1,mirai
-0.9057458255877756,-2.626124260472379,-0.048298494648923135,0.1946770885840169,1,mirai
-0.8706578033278085,-2.668682804450528,-0.04988232693381481,0.21389393258864894,1,mirai
-0.9057409735633252,-2.626103529670611,-0.048301495972744454,0.1946837983150484,1,mirai
-0.6828961386496104,-2.0960512855729103,0.005528944691370359,-0.010039250578790503,1,mirai
-0.7820704995068378,-2.492630779001182,-0.016049087318124492,0.13608656499272243,1,mirai
-0.21609357697596385,-2.165146448911727,-0.6272437665275303,-0.14061582664344333,1,mirai
-0.8913621627000043,-2.587017785635282,-0.03996250099618688,0.1795205478548184,1,mirai
-0.6148903492575756,-2.6328523246393414,-0.020586434108212537,0.20743318229687802,1,mirai
-0.865087293073615,-2.5213374013544407,-0.024271232147817803,0.1515119298800753,1,mirai
-0.48347549888098684,0.5679404302789973,-0.5266906645537899,-1.2692892602893764,1,mirai
-0.5586983049726753,-1.5180877683828025,0.052462466542639453,-0.2552254991320722,1,mirai
-0.9464801085527466,-2.29810403518768,-0.2081453955490202,-0.008206735821279669,1,mirai
-0.7439488963161763,-2.260091823710017,-0.0030733753498037495,0.04604253957275491,1,mirai
-0.8013546490250487,-2.5176979826319013,-0.028295609380646375,0.1520109461699161,1,mirai
-0.8706946530815461,-2.668829703584047,-0.04987845522324709,0.21385892860799463,1,mirai
-0.6521193684623369,-2.1865854277632066,0.02032596236422712,0.044911547098741324,1,mirai
-1.3385100706170454,-4.770800568121315,0.0226517436768887,-0.39795061215099914,1,mirai
-0.8362483689414766,-2.5976162144434105,-0.03643507860683433,0.18173166111383182,1,mirai
-0.825897917577792,-2.577128056166568,-0.02987218915394286,0.17307536650741137,1,mirai
-0.92396878878534,-2.3002827758145266,-0.22070400209814187,-0.011144608491125217,1,mirai
-0.78836106695415,-2.271542267888618,-0.2985185929824242,-0.03663638122946381,1,mirai
-0.4636788224760374,-1.9748662869177338,-0.34219484447288473,-0.19460076455607977,1,mirai
-0.8609498912420565,-2.5359276831514572,-0.0289055878330033,0.15444024734006326,1,mirai
-0.870641099049205,-2.668725417484379,-0.04968812974810846,0.21374458272996766,1,mirai
-0.7924713818270889,-2.5272607290355205,-0.022922305679669207,0.14891017230170162,1,mirai
-0.8694338015821335,-2.5523956553420266,-0.04472053693189304,0.1646674452075164,1,mirai
-0.6071390706312179,-1.886962690700482,0.07769723717599974,-0.018165153816504437,1,mirai
-0.8706573283964086,-2.6686802803565044,-0.04988350874608452,0.21389533810474057,1,mirai
-0.9057353434599036,-2.6260644747120923,-0.048331893754112676,0.19471427758635992,1,mirai
-0.7231279669191271,-2.2096126703043866,-0.324694278254649,-0.06792460320430087,1,mirai
-0.8442004857436263,-2.6083921371235395,-0.03635985661533128,0.18799023488887584,1,mirai
-0.7314824872101161,-2.334045461910108,0.009898700831175241,0.09971736300105173,1,mirai
-0.6095079493605371,-1.8335123205379926,-0.21235561321012067,-0.2296163009002585,1,mirai
-0.8706593912014221,-2.668774503314244,-0.04972897614950489,0.21376326698023132,1,mirai
-0.7298610715152165,-2.249931412451796,-0.01215688156584643,0.03726701337173137,1,mirai
-0.9057617997680624,-2.6261688496606053,-0.04833107242796339,0.19469079765599703,1,mirai
-0.7417658007680157,-2.0043901000960744,-0.1840544258954227,-0.15501162228071685,1,mirai
-0.8706849078707611,-2.6688989902826097,-0.04968544362594986,0.21370458437438375,1,mirai
-0.8775415792001057,-2.130693231680781,-0.16338137467564015,-0.0889531421910448,1,mirai
-0.8706635777149251,-2.6687917648780655,-0.049727509358810415,0.21375842431295108,1,mirai
-0.905736817175585,-2.626069672027938,-0.048332954703802555,0.1947139027823451,1,mirai
-0.8706547247621768,-2.668690228054001,-0.04984730816801748,0.21386705810500006,1,mirai
-0.8296011760570845,-2.6016094950646136,-0.04001311597203412,0.18231807277163084,1,mirai
-0.7106517263835467,-2.387044635380933,-0.013238398349453635,0.08732427530342436,1,mirai
4.3366734906413065,0.8450705343035575,-0.259214366309167,0.16348253793855588,1,mirai
-0.6883614227854797,-2.0092981127300944,-0.2257293135283802,-0.15341385754578246,1,mirai
-0.8420625775798145,-2.508654052040468,-0.03150162444653923,0.14302963383504222,1,mirai
-0.4654155214317383,-2.023417672025681,-0.3813962709057653,-0.17405908139742413,1,mirai
-0.863294409790616,-2.2793687888570697,-0.25664300382251254,-0.02531095814144848,1,mirai
-0.6748069756711608,-2.341552447448981,-0.002586516610449311,0.06529342391565177,1,mirai
-0.8706404449978363,-2.6686977445202804,-0.04973317564278679,0.21378312659093843,1,mirai
-0.7840836018009747,-2.1895027685466504,-0.25940137546624153,-0.07190707576739845,1,mirai
-0.8671201839661885,-2.2903979786808173,-0.2532247021880104,-0.021164265380338575,1,mirai
-0.8706593719504785,-2.668686787759624,-0.049886235182090746,0.2138958767429909,1,mirai
-0.9071735841534116,-2.2857085911209953,-0.2238979048662789,-0.01728622480672907,1,mirai
-0.8706584321980199,-2.6686827410444494,-0.049886873046071506,0.2138972239893854,1,mirai
-0.9058077834575301,-2.6260159983102,-0.048929442750824476,0.19515570765018905,1,mirai
-0.8197382786886737,-2.5666416561317957,-0.027703875073551328,0.16813846222057643,1,mirai
-0.8493139596384195,-2.5097686417044978,-0.02379870941039231,0.16307653344622075,1,mirai
-0.9057637311495714,-2.626171923134133,-0.04833917002292587,0.19469596161152614,1,mirai
-0.8706620799136159,-2.668700719443394,-0.0498803224837953,0.21388855901177684,1,mirai
-0.905813933362754,-2.626001641691552,-0.04899854905256465,0.1952086776736385,1,mirai
-0.8706336541848145,-2.6687169512324784,-0.049650849268014066,0.21371956207239096,1,mirai
-0.44295037677433147,-1.8733133144640683,-0.3017894785230682,-0.23832555282037585,1,mirai
-0.8502227659143803,-2.6187951286511226,-0.038285554250588924,0.19281873481523867,1,mirai
-0.6647767498053225,-2.1581708171132927,-0.3177618476911722,-0.09825088672153111,1,mirai
-0.8164317653431071,-2.283586010346278,-0.28194668518519944,-0.03012925500203433,1,mirai
-0.8899105088965149,-2.296252973650333,-0.2399443049277163,-0.017260079553140538,1,mirai
-0.899439799230302,-2.6026999804494295,-0.05267513758847916,0.18761109674027313,1,mirai
-0.8261263633880858,-2.2852584807472027,-0.27646768107434644,-0.028054872780912933,1,mirai
-0.4237188753511258,-1.897658391772446,-0.38885905305471263,-0.23158761337122136,1,mirai
-0.8706727608695587,-2.6687410279821586,-0.04988327420332021,0.21388184800482968,1,mirai
-0.8789426782678604,-2.563385109031093,-0.0467299198466634,0.1712531976348629,1,mirai
-0.7923970365980042,-2.359168880989513,-0.022009097013900962,0.08926688818055774,1,mirai
-0.8706650816260622,-2.668712703147105,-0.04987997556826701,0.21388568106532707,1,mirai
-0.7895543757171638,-2.5307223444844906,-0.03940926431532113,0.15450667579314736,1,mirai
-0.919235534486475,-2.2962763902563563,-0.22324161214771118,-0.01246765117160823,1,mirai
-0.3791106631325664,-2.2052420958684293,-0.532057294812887,-0.10713267915476765,1,mirai
-0.8124321843092193,-2.376485509667884,-0.009316228838985786,0.08532955682066498,1,mirai
-0.8706585218772485,-2.6687702492440573,-0.04973048247175674,0.21376528580697182,1,mirai
-0.7641848795682484,-2.449609518713612,-0.007345142480313864,0.11341262935360978,1,mirai
-0.8173473928677855,-2.49931026751301,-0.03234325996187058,0.1360091936408954,1,mirai
-0.8047390115387657,-2.270946565886788,-0.28965953811251355,-0.03515125934847984,1,mirai
-0.944245392316912,-2.2378972322485624,-0.18553652144264618,-0.03133128228022177,1,mirai
-0.8116071943087534,-2.4562942646177683,-0.017153734504335393,0.11840668594505165,1,mirai
-0.8563987128971866,-2.6297381651847154,-0.04046042784121125,0.19771958396676628,1,mirai
-0.6457670098293518,-1.7061475072723662,-0.01383873515225613,-0.14432644399891711,1,mirai
-0.8879191651010397,-2.585659304131601,-0.05072541114637893,0.18008868042209777,1,mirai
-0.870657069111012,-2.6686804669036936,-0.04988134654174524,0.21389373836750353,1,mirai
-0.7535882986191139,-2.406311340546028,-0.0013723117372104966,0.10638929321329223,1,mirai
-0.8706390607246692,-2.668693423336662,-0.049731172981628755,0.21378263035066358,1,mirai
-0.8706689347714017,-2.668725699312851,-0.04988381289596101,0.21388559771084448,1,mirai
-0.9218921758270355,-2.2951287575343327,-0.221896010124794,-0.012496144021023524,1,mirai
-0.8707149416912373,-2.66891045561809,-0.04987655176215858,0.21383984865484187,1,mirai
-0.8706677311995498,-2.66883067166926,-0.04968697009371437,0.21372066608072637,1,mirai
-0.9469627242892658,-2.302361393010342,-0.20741091192948383,-0.0070716647655452375,1,mirai
-0.7241581956427158,-2.330202357853831,0.16894116700192308,-0.037797155133872114,1,mirai
-0.8955670804679265,-2.5979083070809366,-0.043425422883779555,0.1839012172096934,1,mirai
-0.8706393047677335,-2.668693247755822,-0.0497332080787824,0.2137841360458648,1,mirai
-0.8566993255372306,-2.519032853050147,-0.02712671142410307,0.14816803592952496,1,mirai
-0.9057454716242546,-2.6261001083287105,-0.04833933791484192,0.19471183051987165,1,mirai
-0.5094639486929082,-2.055168078680618,-0.36780310186938947,-0.1535870634798307,1,mirai
-0.8435640059596922,-2.27086722708348,-0.2687090946512126,-0.03173176332614961,1,mirai
-0.8215355453720475,-2.406280960854841,-0.020840425815477362,0.10768216536311391,1,mirai
-0.754372630143346,-2.4165238891961356,-0.018466889991253642,0.10599965709024511,1,mirai
-0.8706568768267181,-2.668680605245826,-0.04987974306565224,0.21389255201320384,1,mirai
-0.8643819869831717,-2.1971580843495393,-0.2078454869059992,-0.05960583076033925,1,mirai
-0.5009649415896831,-2.2214052868264536,-0.4637770978880416,-0.08703140962730582,1,mirai
-0.9057345449632722,-2.6260587589955,-0.04833652201942576,0.19471886767852722,1,mirai
-0.6806130776952134,-2.63293222296092,-0.028881069537609286,0.2040839471726582,1,mirai
-0.8622552551923498,-2.639474559864366,-0.04267964294444933,0.20292769108521463,1,mirai
-0.905742103381122,-2.6261084227652565,-0.04830067898430594,0.19468213633195058,1,mirai
-0.18868145776586215,-2.04224143472627,-0.5792119304991743,-0.19059116790610697,1,mirai
-0.6400362130973327,-2.0974230561112113,-0.32702624565132676,-0.12258140360896175,1,mirai
-0.8706626781113689,-2.6687860414963174,-0.04973143876694269,0.2137625122483972,1,mirai
-0.7861928584625681,-2.5183253068403326,-0.021464992902746567,0.14471383163155874,1,mirai
-0.870660190111187,-2.668692757420044,-0.049881289840294635,0.2138910023702041,1,mirai
-0.9511631071711705,-2.2151685833665775,-0.14625836782079307,-0.05128982670166285,1,mirai
-0.7792896247262885,-2.52950313698816,-0.036161908774247395,0.148210252251562,1,mirai
-0.6462858499378481,-2.14086240565897,-0.32117988038881573,-0.10632459568895763,1,mirai
-0.9043269790115278,-2.1249905635221182,-0.1270277067781726,-0.08894192978685038,1,mirai
-0.11563875124129207,-2.0265881214448678,-0.5939677641363226,-0.1496219929548933,1,mirai
-0.7271844344682897,-2.255368940293739,-0.3346932609543859,-0.04977848772045438,1,mirai
-0.7926619386955088,-2.469601586436401,-0.007600766558162133,0.13326605862921193,1,mirai
-0.6034274579902215,-2.1217560371677826,-0.33499686539309365,-0.1186442373581078,1,mirai
-0.6510953386416425,-2.238859257568076,-0.37886494717368324,-0.06493732305085809,1,mirai
1.3082054358594237,2.2806189662301093,-0.47401954897914333,-0.7385086065630393,1,mirai
-0.8671569136120211,-2.546210782639332,-0.03160298611002168,0.15976946744387374,1,mirai
-0.7709495519661614,-2.423471347774565,-0.017417522881425465,0.0975876343330875,1,mirai
-0.6967859441244203,-2.3483669134347847,0.008105349935848365,0.06816646695816232,1,mirai
-0.8348280505277714,-2.5982489101275887,-0.04557388914716473,0.1833266913361706,1,mirai
-0.7353460602786439,-2.405555184590077,-0.012076713578554946,0.09783326133246337,1,mirai
-0.6015556050403043,-2.2420288245483757,-0.4050495074714135,-0.06875210298401593,1,mirai
-0.8706412284984556,-2.668700621033425,-0.04973353628359885,0.2137827558186195,1,mirai
-0.9058235345364674,-2.6260395281795685,-0.04899823643335048,0.19520014437607044,1,mirai
-0.7963901741975449,-2.140861509801039,0.1596568052570227,0.3181540587218378,1,mirai
-0.8706844297082404,-2.668786726135228,-0.04988351761930504,0.21387200260164999,1,mirai
-0.7411129500737391,-2.4050387882215523,0.0027841850653162665,0.09631589539578632,1,mirai
-0.870870301675181,-2.669610518127201,-0.049715368313339836,0.2135701314609434,1,mirai
-0.8706708090917052,-2.668818843954405,-0.04972988674601113,0.21375420025891625,1,mirai
-0.8706802957791989,-2.6689014612104844,-0.04964850338538852,0.21367741065773121,1,mirai
-0.7198304817627216,-2.23159873982065,0.025711698446226627,0.02439404195608564,1,mirai
-0.870668071412997,-2.668722370584358,-0.049883700854291835,0.2138862468732428,1,mirai
-0.9987739819073634,-2.3125178405379976,-0.17770467271808452,0.002522081491705859,1,mirai
-0.8725054449956073,-2.5428946382964406,-0.03472764623331391,0.1619556809069431,1,mirai
-0.7563135353311252,-2.3439632371870083,-0.011312652730632283,0.12151722211614858,1,mirai
-0.827534962190613,-2.491228800702865,-0.025183491846608085,0.13302197314479788,1,mirai
-0.793334161785143,-2.4617631402014495,-0.03745981188725846,0.11895569274682856,1,mirai
-0.8406934827581033,-2.4542814214886155,-0.01179026623149692,0.12751179191320905,1,mirai
-0.9057377732362752,-2.626091360074447,-0.048300776594413064,0.1946859482856194,1,mirai
-0.865924124235857,-2.6306309534686942,-0.039603074326996696,0.20186885433504775,1,mirai
-1.0184548490682839,-2.321779330389475,-0.16700230055457838,0.00469098289487737,1,mirai
-0.8706612504233897,-2.6686950674258103,-0.04988461800327093,0.21389289524430602,1,mirai
-0.8706742681521891,-2.6687469505015686,-0.049883270447992775,0.21388054658124778,1,mirai
-0.7076255544128415,-2.0725421919016696,-0.26677300414264227,-0.12814074782268728,1,mirai
-0.31283116320312676,-1.9784429918669846,-0.4498282443310859,-0.209565908198688,1,mirai
-1.0160727169497878,-2.322020595089564,-0.16848687793032419,0.004121398415324058,1,mirai
-0.9085592636801523,-2.1546212339137587,-0.1652920599492333,-0.07050687919369703,1,mirai
-0.7931227888585292,-2.2781791482930176,-0.29529754438478173,-0.03433000548258105,1,mirai
-0.19807330685369498,-2.02110764376979,-0.5491366339093764,-0.20113576857571605,1,mirai
-0.8706317243418484,-2.6687075691746625,-0.04965408249118115,0.21372395038742412,1,mirai
-0.9057371792848624,-2.6260670619213133,-0.04834019039845647,0.19471969167572292,1,mirai
-0.8706946532260379,-2.668915097199428,-0.04972522795935873,0.2137297346936892,1,mirai
-0.6009747477172316,-2.243451951447528,-0.4050754689087822,-0.06788502254669379,1,mirai
-0.7945848175774947,-2.4091937626641937,-0.028577452315991347,0.10348070404024151,1,mirai
-0.5139097958404386,-2.214102454463906,-0.44924917589110547,-0.08859643920157842,1,mirai
-0.8706400490418982,-2.668695949045138,-0.04973360666525202,0.2137838310541315,1,mirai
-0.9845589848660926,-2.311910244520514,-0.18573879080002573,-0.00045163017700230307,1,mirai
-0.5132187896427391,-2.226111736959377,-0.4558872648144456,-0.08429095764743655,1,mirai
-0.7694677816276599,-2.4803110552221166,-0.00863818554802671,0.12808799130593274,1,mirai
-0.8428389025363225,-2.368501469794327,0.0029048082713565436,0.0984241082690465,1,mirai
-0.4857792658481053,-2.0745500331216995,-0.39032357197443285,-0.1505183242420572,1,mirai
-0.768847098606147,-2.543728050724349,-0.03674710797315402,0.14921222351992694,1,mirai
-0.870661023601538,-2.668695633108842,-0.04988200429274528,0.21389088685737345,1,mirai
-0.7469190218973655,-2.2752116059805987,0.0059169568725578455,0.04966199569630645,1,mirai
-0.6046417610181457,-1.8181909832225709,-0.14709978776977467,-0.21832622636903384,1,mirai
-0.8706526534673664,-2.6686836438119306,-0.049844524090592174,0.21386649476004274,1,mirai
-0.9057376709011756,-2.626091895896406,-0.048299093860521225,0.19468461762967718,1,mirai
-0.8328057113775345,-2.2817932680043786,-0.2727315580871046,-0.02792938467350934,1,mirai
-0.7774498048051389,-2.479607080490558,-0.014089256544487002,0.13131559677621651,1,mirai
-0.7807578747885239,-2.165421488819015,-0.24197750349331032,-0.08250034014390534,1,mirai
-0.8852630716547336,-2.5768773860355014,-0.03722614254661111,0.17408673762417975,1,mirai
-0.8706745656652498,-2.6687489043954815,-0.04988186132774258,0.21387910222460765,1,mirai
0.24462004817527325,-0.0075998316897107395,-0.4398940063345266,-0.9323079805566673,1,mirai
-0.8255806870800937,-2.2775654013045665,-0.27720654201113265,-0.03016760165368585,1,mirai
-0.7970632799775725,-2.510075758382668,-0.017221335171923417,0.14603829646855893,1,mirai
-0.8706592314628907,-2.66868704324561,-0.049884786574018916,0.21389477635219106,1,mirai
-0.8505477296299112,-2.5369366214393185,-0.022399864280950435,0.13268130734785238,1,mirai
-0.7415701293396181,-2.3176849372721295,0.007140867880623466,0.05717265225041377,1,mirai
-0.7928852019417091,-2.527936087365568,-0.02231389628760934,0.1484060775240311,1,mirai
-0.8753369382688913,-2.6395105125758778,-0.04296347639372994,0.20574493737406202,1,mirai
-0.7428375224487629,-2.2374668476580584,-0.04107969660324272,0.056763121774951596,1,mirai
-0.8111224411653524,-2.4089449738649913,-0.0045720431203899875,0.10533798838363219,1,mirai
-0.6399057435200202,-2.241037791380297,-0.38442890421434417,-0.06490928270645183,1,mirai
-0.6687106341799076,-1.460426652181396,0.06567045444191606,-0.17780526995462262,1,mirai
-0.43399747415219825,-2.0911587437280414,-0.45548911552893667,-0.14897617958373355,1,mirai
-0.793782165339308,-2.5062075858480712,-0.02799178437037326,0.14542823202510755,1,mirai
-0.8771051814856189,-2.564803598302689,-0.03742264088351778,0.16816137986597807,1,mirai
-0.8706557659529921,-2.6686946715314988,-0.04984667331043348,0.2138656260222586,1,mirai
-0.9057451392985886,-2.6260994512002336,-0.04833817478728901,0.1947111360669441,1,mirai
-0.8706830339718108,-2.6688042933000764,-0.0498421582295492,0.2138383325521308,1,mirai
-0.5562190780171961,-2.2221273488513233,-0.3394387577758116,-0.06259500322384373,1,mirai
-0.870657961542078,-2.6687023654646,-0.04984834222257588,0.21386514205646528,1,mirai
